Experiment,ACC,BWT
Baseline,32.54099969863891,-71.77333227793376
